Age,TypeofContact,CityTier,DurationOfPitch,Occupation,Gender,NumberOfPersonVisiting,NumberOfFollowups,ProductPitched,PreferredPropertyStar,MaritalStatus,NumberOfTrips,Passport,PitchSatisfactionScore,OwnCar,NumberOfChildrenVisiting,Designation,MonthlyIncome,ProdTaken,predicted_label,prediction_probability,true_label,correct_prediction
46.0,Self Enquiry,3,11.0,Salaried,Female,2,4.0,Deluxe,5.0,Married,6.0,1,4,0,1.0,Manager,23684.0,0,0,0.21125,0,True
30.0,Self Enquiry,1,23.0,Small Business,Female,3,3.0,Standard,5.0,Divorced,2.0,1,4,0,2.0,Senior Manager,26916.0,0,1,0.62375,0,False
26.0,Self Enquiry,3,6.0,Salaried,Male,2,3.0,Deluxe,3.0,Divorced,2.0,0,5,1,0.0,Manager,20296.0,0,0,0.08625,0,True
25.0,Self Enquiry,3,11.0,Small Business,Male,2,4.0,Deluxe,3.0,Single,2.0,1,3,1,0.0,Manager,20744.0,1,1,0.97375,1,True
29.0,Self Enquiry,1,34.0,Salaried,Female,3,3.0,Basic,3.0,Married,5.0,0,5,0,1.0,Executive,17514.0,0,0,0.09375,0,True
29.0,Self Enquiry,3,29.0,Salaried,Female,2,4.0,Standard,5.0,Divorced,2.0,0,3,0,0.0,Senior Manager,22336.0,1,1,0.76625,1,True
30.0,Self Enquiry,1,15.0,Salaried,Female,3,6.0,Deluxe,5.0,Married,5.0,0,1,0,1.0,Manager,28393.0,0,0,0.1975,0,True
27.0,Self Enquiry,3,11.0,Small Business,Male,3,5.0,Deluxe,3.0,Single,3.0,1,2,1,2.0,Manager,24506.0,1,1,0.97875,1,True
23.0,Company Invited,3,15.0,Small Business,Male,2,3.0,Basic,5.0,Married,2.0,0,5,1,0.0,Executive,16790.0,1,1,0.63625,1,True
44.0,Company Invited,1,16.0,Small Business,Male,4,4.0,Deluxe,3.0,Married,5.0,1,3,1,3.0,Manager,24357.0,0,0,0.2225,0,True
59.0,Self Enquiry,1,9.0,Salaried,Male,3,4.0,Basic,3.0,Divorced,4.0,0,3,0,1.0,Executive,17177.0,0,0,0.1775,0,True
31.0,Self Enquiry,1,14.0,Salaried,Female,2,4.0,Basic,4.0,Single,2.0,0,4,0,1.0,Executive,16261.0,1,1,0.92125,1,True
37.0,Self Enquiry,1,10.0,Salaried,Male,4,2.0,Deluxe,5.0,Married,8.0,0,1,1,3.0,Manager,25520.0,0,0,0.3275,0,True
43.0,Company Invited,1,23.0,Large Business,Male,2,4.0,Basic,3.0,Married,1.0,1,5,1,1.0,Executive,17437.0,1,1,0.93625,1,True
52.0,Company Invited,3,8.0,Salaried,Male,3,4.0,King,3.0,Single,2.0,1,1,1,0.0,VP,34068.0,0,1,0.72,0,False
49.0,Self Enquiry,1,7.0,Salaried,Male,4,5.0,Standard,3.0,Single,2.0,1,5,0,1.0,Senior Manager,24059.0,1,1,0.9225,1,True
21.0,Self Enquiry,3,11.0,Small Business,Male,2,3.0,Basic,5.0,Single,2.0,1,1,1,0.0,Executive,17380.0,0,1,0.89125,0,False
21.0,Self Enquiry,3,18.0,Salaried,Female,2,2.0,Basic,4.0,Single,2.0,0,5,0,1.0,Executive,17716.0,1,1,0.9825,1,True
29.0,Company Invited,1,8.0,Salaried,Male,2,3.0,Deluxe,3.0,Married,2.0,0,3,0,0.0,Manager,23853.0,0,0,0.11375,0,True
51.0,Company Invited,3,19.0,Salaried,Male,3,4.0,Deluxe,3.0,Single,5.0,1,3,1,2.0,Manager,35558.0,1,1,0.95,1,True
26.0,Self Enquiry,1,6.0,Salaried,Female,2,4.0,Basic,3.0,Married,2.0,1,4,0,0.0,Executive,17933.0,0,1,0.7125,0,False
51.0,Self Enquiry,3,33.0,Salaried,Male,2,3.0,Deluxe,3.0,Single,2.0,1,5,1,1.0,Manager,29026.0,1,1,0.7675,1,True
38.0,Self Enquiry,1,7.0,Large Business,Female,3,4.0,Standard,3.0,Single,6.0,0,5,1,2.0,Senior Manager,26169.0,0,0,0.05375,0,True
36.0,Self Enquiry,1,33.0,Small Business,Male,3,3.0,Deluxe,3.0,Married,7.0,0,3,0,0.0,Manager,20237.0,0,0,0.29875,0,True
35.0,Company Invited,1,10.0,Salaried,Male,3,5.0,Basic,3.0,Married,5.0,0,1,0,1.0,Executive,21657.0,0,0,0.1175,0,True
20.0,Self Enquiry,1,16.0,Small Business,Male,2,3.0,Basic,3.0,Single,2.0,1,5,1,1.0,Executive,16009.0,1,1,0.94375,1,True
21.0,Self Enquiry,1,7.0,Salaried,Female,3,5.0,Basic,4.0,Single,3.0,0,4,1,1.0,Executive,21514.0,0,1,0.6675,0,False
30.0,Company Invited,1,9.0,Salaried,Female,4,4.0,Basic,4.0,Divorced,2.0,0,5,0,3.0,Executive,21858.0,0,0,0.2725,0,True
38.0,Self Enquiry,1,7.0,Salaried,Female,4,4.0,Deluxe,4.0,Divorced,8.0,0,2,1,2.0,Manager,25125.0,0,0,0.11125,0,True
40.0,Self Enquiry,3,12.0,Large Business,Male,3,4.0,Deluxe,3.0,Married,5.0,0,1,0,1.0,Manager,20764.0,1,1,0.49375,1,True
22.0,Self Enquiry,1,17.0,Salaried,Female,3,5.0,Basic,5.0,Single,3.0,0,3,1,1.0,Executive,20094.0,1,1,0.90625,1,True
49.0,Company Invited,3,14.0,Small Business,Female,4,4.0,Basic,3.0,Married,4.0,1,4,1,2.0,Executive,21333.0,1,1,0.90625,1,True
34.0,Self Enquiry,1,17.0,Small Business,Male,3,6.0,Basic,3.0,Married,2.0,0,5,0,1.0,Executive,22086.0,1,0,0.31,1,False
38.0,Company Invited,1,16.0,Small Business,Male,3,3.0,Basic,3.0,Married,1.0,0,5,0,0.0,Executive,17684.0,0,0,0.35875,0,True
24.0,Self Enquiry,1,6.0,Small Business,Male,3,3.0,Basic,3.0,Married,3.0,1,3,0,2.0,Executive,17293.0,1,1,0.68375,1,True
20.0,Self Enquiry,1,10.0,Small Business,Female,4,4.0,Basic,4.0,Single,3.0,0,3,1,3.0,Executive,20161.0,0,0,0.2375,0,True
36.0,Self Enquiry,1,11.0,Salaried,Female,2,3.0,Standard,5.0,Married,5.0,0,4,1,1.0,Senior Manager,23008.0,0,0,0.13375,0,True
45.0,Company Invited,1,31.0,Salaried,Male,3,4.0,Basic,3.0,Married,5.0,1,5,0,2.0,Executive,21839.0,1,1,0.65375,1,True
40.0,Company Invited,3,30.0,Salaried,Female,3,1.0,Super Deluxe,4.0,Single,5.0,1,3,1,0.0,AVP,28194.0,1,1,0.89375,1,True
46.0,Self Enquiry,1,13.0,Small Business,Male,3,3.0,Standard,3.0,Married,7.0,0,1,1,1.0,Senior Manager,25845.0,0,0,0.28,0,True
30.0,Self Enquiry,3,15.0,Small Business,Male,2,3.0,Basic,3.0,Single,2.0,0,5,0,0.0,Executive,16081.0,1,1,0.565,1,True
35.0,Self Enquiry,1,7.0,Salaried,Male,3,5.0,Basic,3.0,Divorced,3.0,1,2,0,1.0,Executive,22300.0,0,1,0.54625,0,False
36.0,Company Invited,3,6.0,Small Business,Female,2,3.0,Deluxe,3.0,Single,5.0,0,1,1,1.0,Manager,21653.0,0,0,0.02375,0,True
58.0,Self Enquiry,1,15.0,Small Business,Female,3,4.0,Basic,4.0,Divorced,5.0,1,2,1,0.0,Executive,18346.0,0,0,0.3975,0,True
22.0,Company Invited,1,9.0,Salaried,Male,2,4.0,Basic,3.0,Married,1.0,1,3,0,1.0,Executive,17853.0,1,1,0.6725,1,True
24.0,Self Enquiry,1,27.0,Salaried,Male,4,4.0,Deluxe,3.0,Single,2.0,0,4,1,3.0,Manager,20950.0,0,0,0.15125,0,True
30.0,Company Invited,3,32.0,Small Business,Female,2,4.0,Deluxe,5.0,Single,6.0,0,1,1,1.0,Manager,21696.0,1,1,0.83125,1,True
38.0,Company Invited,1,32.0,Small Business,Female,4,4.0,Deluxe,3.0,Divorced,5.0,1,3,1,2.0,Manager,23127.0,0,0,0.48375,0,True
30.0,Company Invited,1,11.0,Small Business,Female,2,3.0,Basic,4.0,Single,1.0,0,3,0,0.0,Executive,17422.0,1,1,0.6075,1,True
38.0,Self Enquiry,1,18.0,Small Business,Female,4,6.0,Deluxe,4.0,Divorced,7.0,0,4,1,1.0,Manager,23455.0,1,1,0.625,1,True
29.0,Self Enquiry,1,13.0,Small Business,Female,3,4.0,Basic,3.0,Married,7.0,0,5,1,1.0,Executive,17532.0,0,0,0.02125,0,True
33.0,Self Enquiry,3,9.0,Small Business,Male,3,5.0,Deluxe,4.0,Single,2.0,1,1,1,1.0,Manager,28585.0,1,1,0.9775,1,True
31.0,Company Invited,3,6.0,Salaried,Female,2,5.0,Basic,3.0,Single,2.0,0,3,1,1.0,Executive,16359.0,1,1,0.86125,1,True
40.0,Company Invited,3,34.0,Salaried,Male,2,5.0,Standard,5.0,Married,4.0,0,5,1,0.0,Senior Manager,25932.0,0,0,0.2475,0,True
32.0,Self Enquiry,1,14.0,Small Business,Female,3,1.0,Deluxe,3.0,Divorced,6.0,0,3,1,2.0,Manager,20175.0,0,0,0.115,0,True
56.0,Company Invited,3,12.0,Salaried,Female,2,2.0,Super Deluxe,5.0,Divorced,1.0,0,3,1,0.0,AVP,28212.0,0,0,0.25625,0,True
31.0,Self Enquiry,1,6.0,Small Business,Male,2,3.0,Basic,4.0,Single,2.0,0,3,1,0.0,Executive,17501.0,0,0,0.35625,0,True
30.0,Self Enquiry,1,8.0,Salaried,Male,3,3.0,Basic,4.0,Single,2.0,0,3,0,0.0,Executive,26916.0,1,1,0.69,1,True
37.0,Self Enquiry,3,9.0,Small Business,Male,4,5.0,Standard,3.0,Divorced,3.0,0,2,1,1.0,Senior Manager,26274.0,0,1,0.6,0,False
48.0,Self Enquiry,3,8.0,Small Business,Male,2,4.0,Deluxe,4.0,Single,1.0,1,1,1,0.0,Manager,22898.0,1,1,0.93125,1,True
48.0,Self Enquiry,1,16.0,Salaried,Female,4,4.0,Basic,3.0,Single,6.0,0,3,1,1.0,Executive,20783.0,0,0,0.28,0,True
55.0,Self Enquiry,3,8.0,Small Business,Male,2,3.0,Deluxe,3.0,Single,5.0,0,1,1,0.0,Manager,20160.0,1,0,0.3125,1,False
23.0,Self Enquiry,3,8.0,Large Business,Male,3,3.0,Basic,5.0,Married,4.0,0,3,1,2.0,Executive,17322.0,0,1,0.6525,0,False
50.0,Company Invited,3,6.0,Salaried,Male,3,3.0,Deluxe,3.0,Married,1.0,0,3,1,1.0,Manager,21728.0,1,0,0.3475,1,False
29.0,Self Enquiry,1,31.0,Small Business,Male,3,4.0,Basic,4.0,Married,3.0,1,1,0,1.0,Executive,21086.0,1,1,0.90625,1,True
33.0,Company Invited,3,18.0,Salaried,Male,3,2.0,Deluxe,3.0,Married,2.0,0,3,1,1.0,Manager,23385.0,1,0,0.2275,1,False
22.0,Self Enquiry,1,14.0,Small Business,Female,3,3.0,Basic,5.0,Married,2.0,1,3,0,1.0,Executive,17398.0,1,1,0.66125,1,True
30.0,Self Enquiry,1,35.0,Small Business,Female,4,5.0,Basic,5.0,Single,3.0,0,1,0,2.0,Executive,22463.0,0,0,0.4025,0,True
41.0,Self Enquiry,3,21.0,Salaried,Female,3,4.0,Deluxe,5.0,Married,3.0,0,3,0,2.0,Manager,23317.0,0,0,0.26625,0,True
28.0,Self Enquiry,1,30.0,Small Business,Male,2,3.0,Basic,4.0,Married,2.0,1,1,0,0.0,Executive,17408.0,1,1,0.8475,1,True
38.0,Self Enquiry,3,16.0,Small Business,Male,3,5.0,Deluxe,4.0,Married,3.0,0,4,0,2.0,Manager,22867.0,0,0,0.25625,0,True
35.0,Self Enquiry,3,22.0,Small Business,Female,4,4.0,Deluxe,5.0,Single,3.0,0,1,1,3.0,Manager,24803.0,0,0,0.40375,0,True
31.0,Self Enquiry,2,16.0,Salaried,Male,3,4.0,Deluxe,3.0,Divorced,2.0,1,3,1,2.0,Manager,25025.0,0,0,0.3975,0,True
29.0,Self Enquiry,1,7.0,Salaried,Female,4,6.0,Basic,4.0,Single,2.0,1,2,1,1.0,Executive,20894.0,1,1,0.775,1,True
34.0,Self Enquiry,3,23.0,Salaried,Female,4,4.0,Standard,5.0,Single,4.0,1,5,0,1.0,Senior Manager,27242.0,1,1,0.52,1,True
37.0,Self Enquiry,1,9.0,Salaried,Female,4,4.0,Deluxe,4.0,Married,6.0,1,4,0,1.0,Manager,25640.0,0,0,0.14875,0,True
35.0,Self Enquiry,1,13.0,Salaried,Male,3,3.0,Basic,4.0,Single,2.0,1,3,1,1.0,Executive,20363.0,1,1,0.6925,1,True
41.0,Self Enquiry,3,6.0,Salaried,Female,3,3.0,Deluxe,3.0,Single,1.0,1,4,0,2.0,Manager,20993.0,1,1,0.81875,1,True
29.0,Self Enquiry,1,16.0,Salaried,Female,3,4.0,Basic,5.0,Single,7.0,1,5,1,0.0,Executive,17404.0,1,1,0.9925,1,True
36.0,Company Invited,1,24.0,Salaried,Male,3,3.0,Deluxe,3.0,Single,3.0,0,3,0,1.0,Manager,22779.0,0,0,0.0875,0,True
39.0,Self Enquiry,1,32.0,Salaried,Female,3,5.0,Standard,4.0,Married,5.0,0,3,0,2.0,Senior Manager,30739.0,0,0,0.10375,0,True
33.0,Company Invited,1,12.0,Salaried,Female,3,2.0,Basic,3.0,Single,5.0,1,1,0,2.0,Executive,21110.0,1,1,0.6525,1,True
30.0,Self Enquiry,1,28.0,Salaried,Female,3,3.0,Standard,5.0,Married,3.0,0,5,1,2.0,Senior Manager,28658.0,0,0,0.19375,0,True
24.0,Self Enquiry,1,15.0,Small Business,Male,4,5.0,Basic,3.0,Single,3.0,1,4,1,3.0,Executive,22667.0,1,1,0.8825,1,True
57.0,Company Invited,3,13.0,Salaried,Female,3,3.0,Super Deluxe,5.0,Divorced,2.0,0,3,1,1.0,AVP,31890.0,0,0,0.2325,0,True
29.0,Self Enquiry,1,9.0,Salaried,Male,4,4.0,Basic,3.0,Single,4.0,0,4,0,2.0,Executive,22163.0,1,1,0.7125,1,True
29.0,Company Invited,1,30.0,Salaried,Male,3,4.0,Basic,3.0,Single,2.0,1,3,1,2.0,Executive,17439.0,1,1,0.95875,1,True
24.0,Company Invited,3,16.0,Small Business,Male,3,4.0,Basic,5.0,Married,3.0,0,5,1,1.0,Executive,20468.0,1,1,0.79125,1,True
40.0,Self Enquiry,1,6.0,Salaried,Male,2,3.0,Basic,3.0,Married,1.0,0,1,0,0.0,Executive,17406.0,0,0,0.19375,0,True
42.0,Self Enquiry,1,8.0,Salaried,Male,3,4.0,Deluxe,3.0,Single,4.0,0,1,1,0.0,Manager,21781.0,0,0,0.1025,0,True
27.0,Self Enquiry,3,16.0,Small Business,Female,3,4.0,Deluxe,3.0,Divorced,2.0,1,3,1,2.0,Manager,20769.0,0,1,0.56625,0,False
47.0,Self Enquiry,3,16.0,Small Business,Male,4,5.0,Standard,3.0,Single,3.0,0,5,1,3.0,Senior Manager,28297.0,1,1,0.665,1,True
54.0,Self Enquiry,3,31.0,Salaried,Male,4,4.0,Standard,5.0,Single,8.0,1,3,1,3.0,Senior Manager,29126.0,1,1,0.8775,1,True
27.0,Self Enquiry,1,13.0,Salaried,Female,4,4.0,Basic,3.0,Divorced,3.0,1,2,0,1.0,Executive,21337.0,0,1,0.61625,0,False
53.0,Self Enquiry,3,12.0,Salaried,Male,4,4.0,Standard,4.0,Single,2.0,1,4,1,2.0,Senior Manager,27124.0,1,1,0.9175,1,True
54.0,Self Enquiry,3,8.0,Salaried,Female,2,4.0,Standard,3.0,Married,7.0,0,5,1,1.0,Senior Manager,25686.0,0,0,0.45625,0,True
47.0,Self Enquiry,3,22.0,Small Business,Male,3,6.0,Deluxe,3.0,Married,8.0,1,1,0,2.0,Manager,22101.0,1,1,0.72375,1,True
34.0,Company Invited,1,8.0,Salaried,Male,2,4.0,Deluxe,3.0,Divorced,2.0,0,4,0,0.0,Manager,24547.0,0,0,0.10625,0,True
34.0,Company Invited,1,22.0,Large Business,Male,2,5.0,Basic,5.0,Married,2.0,1,3,1,0.0,Executive,17307.0,1,1,0.8525,1,True
51.0,Company Invited,3,15.0,Large Business,Male,3,4.0,Deluxe,3.0,Divorced,5.0,1,5,1,1.0,Manager,25474.0,1,1,0.5875,1,True
50.0,Self Enquiry,1,15.0,Salaried,Female,3,4.0,Standard,4.0,Divorced,6.0,0,4,0,1.0,Senior Manager,26081.0,0,0,0.11625,0,True
32.0,Self Enquiry,1,11.0,Salaried,Female,3,4.0,Deluxe,4.0,Married,4.0,0,3,1,0.0,Manager,20878.0,0,0,0.05875,0,True
34.0,Company Invited,1,10.0,Salaried,Male,4,4.0,Basic,5.0,Single,3.0,1,5,1,1.0,Executive,22026.0,1,1,0.93,1,True
38.0,Self Enquiry,1,7.0,Salaried,Female,4,4.0,Deluxe,4.0,Married,8.0,0,1,1,3.0,Manager,25125.0,0,0,0.09875,0,True
50.0,Self Enquiry,1,14.0,Salaried,Male,3,4.0,Standard,4.0,Married,5.0,0,4,0,2.0,Senior Manager,29144.0,0,0,0.05125,0,True
39.0,Self Enquiry,3,10.0,Salaried,Male,3,4.0,Deluxe,3.0,Single,2.0,1,3,1,2.0,Manager,25539.0,0,1,0.53375,0,False
43.0,Company Invited,1,12.0,Salaried,Male,4,4.0,Basic,3.0,Divorced,6.0,0,3,1,1.0,Executive,20771.0,0,0,0.2475,0,True
35.0,Self Enquiry,3,9.0,Salaried,Male,3,3.0,Standard,3.0,Married,7.0,0,5,0,1.0,Senior Manager,22823.0,0,0,0.41625,0,True
19.0,Self Enquiry,1,8.0,Salaried,Male,2,4.0,Basic,3.0,Single,2.0,0,5,0,0.0,Executive,16102.0,1,1,0.75375,1,True
32.0,Self Enquiry,3,13.0,Salaried,Male,4,6.0,Deluxe,3.0,Divorced,6.0,1,3,1,2.0,Manager,24850.0,1,1,0.7825,1,True
30.0,Self Enquiry,3,7.0,Small Business,Female,3,5.0,Basic,3.0,Married,8.0,1,1,1,2.0,Executive,21478.0,1,1,0.905,1,True
26.0,Company Invited,1,9.0,Large Business,Male,3,3.0,Basic,5.0,Single,1.0,0,3,0,2.0,Executive,18102.0,1,1,0.9575,1,True
34.0,Self Enquiry,1,12.0,Small Business,Male,2,3.0,Basic,5.0,Single,3.0,0,4,0,0.0,Executive,17960.0,1,1,0.57,1,True
27.0,Company Invited,1,12.0,Small Business,Female,3,5.0,Basic,3.0,Divorced,3.0,1,2,0,2.0,Executive,21044.0,1,1,0.67375,1,True
47.0,Company Invited,1,35.0,Salaried,Male,2,3.0,Standard,4.0,Divorced,2.0,1,3,1,0.0,Senior Manager,26849.0,1,1,0.7225,1,True
25.0,Self Enquiry,3,10.0,Salaried,Female,4,4.0,Deluxe,3.0,Single,2.0,0,2,1,1.0,Manager,23255.0,1,0,0.10625,1,False
43.0,Self Enquiry,3,11.0,Small Business,Male,3,4.0,Deluxe,5.0,Single,2.0,0,5,1,1.0,Manager,23833.0,0,0,0.305,0,True
45.0,Self Enquiry,1,26.0,Small Business,Male,3,3.0,Super Deluxe,3.0,Married,1.0,1,3,1,1.0,AVP,28496.0,0,0,0.19875,0,True
43.0,Self Enquiry,3,15.0,Small Business,Female,2,5.0,Deluxe,3.0,Single,1.0,0,2,1,1.0,Manager,20346.0,1,1,0.69,1,True
26.0,Self Enquiry,3,26.0,Small Business,Male,3,5.0,Basic,4.0,Married,3.0,1,1,0,2.0,Executive,21091.0,1,1,0.86875,1,True
33.0,Self Enquiry,1,8.0,Salaried,Male,2,3.0,Basic,3.0,Single,1.0,0,3,1,0.0,Executive,17500.0,0,0,0.3275,0,True
46.0,Self Enquiry,3,15.0,Small Business,Male,2,3.0,Standard,3.0,Married,5.0,0,3,0,1.0,Senior Manager,25096.0,1,0,0.41125,1,False
49.0,Self Enquiry,1,22.0,Salaried,Female,4,4.0,Basic,5.0,Married,2.0,0,1,1,1.0,Executive,21045.0,0,0,0.42875,0,True
25.0,Self Enquiry,1,7.0,Small Business,Male,4,4.0,Basic,3.0,Married,4.0,1,3,0,3.0,Executive,20971.0,1,1,0.60875,1,True
